year,month,timeline,eurate_sa,enrate_sa,uerate_sa,unrate_sa,nerate_sa,nurate_sa,j2jrate_sa,urate_sa,time_agg_adj,s,f
1976,january,1976m1,.014676505,.027343212,.25652853,.18075171,.056507718,.034517664,,.07102748,1.166508,.017120259,.29924256
1976,february,1976m2,.014761939,.029621569,.26171058,.1833948,.058920395,.034925621,,.070456415,1.1705205,.017279152,.30633762
1976,march,1976m3,.014707248,.028894324,.26176888,.18585171,.058768604,.034960922,,.07015276,1.1705233,.017215176,.30640656
1976,april,1976m4,.01482212,.028449984,.25827023,.18680373,.057858314,.034425411,,.069611326,1.1679413,.017311366,.30164447
1976,may,1976m5,.01490515,.028119402,.25432366,.18768941,.057193376,.033663627,,.069525972,1.1650124,.017364684,.29629022
1976,june,1976m6,.014905149,.028119402,.25432366,.18768941,.05719338,.033663627,,.069525972,1.1650124,.017364683,.29629022
1976,july,1976m7,.014905149,.0281194,.25432366,.18768941,.057193376,.033663627,,.069525972,1.1650124,.017364683,.29629022
1976,august,1976m8,.014838324,.027706306,.25855374,.18908118,.057631634,.033452511,,.069624454,1.1681694,.017333675,.30203456
1976,september,1976m9,.014763519,.028142817,.26504618,.1898964,.057987105,.033591289,,.069090433,1.1730822,.017318822,.31092095
1976,october,1976m10,.014867976,.028319985,.26401332,.19068156,.05866849,.033923559,,.068679921,1.172368,.017430739,.30952078
1976,november,1976m11,.015245818,.028850572,.26735434,.18885987,.062062331,.035055146,,.067619696,1.1752362,.017917437,.31420451
,,1976m12,,,,,,,,,,,
,,1977m1,,,,,,,,,,,
1977,february,1977m2,.014914146,.028133284,.26547652,.19346371,.060319718,.033466361,,.067770936,1.1735299,.017502196,.31154463
1977,march,1977m3,.014839839,.025227148,.26005846,.19205824,.05773814,.032747205,,.067989595,1.1693174,.017352482,.30409089
,,1977m4,,,,,,,,,,,
1977,may,1977m5,.014728337,.025958907,.26783326,.18786766,.059802219,.032908522,,.068868898,1.1752063,.017308833,.31475934
,,1977m6,,,,,,,,,,,
,,1977m7,,,,,,,,,,,
,,1977m8,,,,,,,,,,,
,,1977m9,,,,,,,,,,,
,,1977m10,,,,,,,,,,,
,,1977m11,,,,,,,,,,,
1977,december,1977m12,.014039769,.026594607,.28583384,.20382115,.059600174,.03144059,,.056503091,1.1888155,.016690694,.3398037
1978,january,1978m1,.013941897,.026912874,.28808239,.20554014,.059458531,.031446092,,.05625182,1.1905366,.016598338,.34297264
1978,february,1978m2,.013987513,.028697325,.29901946,.2054612,.062754303,.031883046,,.055672202,1.1994338,.016777096,.35865405
1978,march,1978m3,.013813731,.028309107,.30153325,.20516554,.0625154,.031724449,,.055091787,1.2013532,.01659517,.36224794
1978,april,1978m4,.013780234,.028132683,.30089119,.20668066,.06209955,.031613551,,.054258235,1.2007982,.016547279,.36130959
1978,may,1978m5,.013669545,.027506597,.29266754,.20780298,.060507096,.030942079,,.053806294,1.1940087,.016321555,.34944758
1978,june,1978m6,.014033964,.027730992,.28768623,.2082094,.060080707,.030809604,,.053451624,1.1902928,.016704526,.34243086
1978,july,1978m7,.013636911,.02737602,.29284212,.20738392,.060490806,.030936776,,.053670764,1.1941235,.016284157,.34968966
1978,august,1978m8,.013380801,.027121518,.29184428,.20697041,.060589541,.030721858,,.053106666,1.1931108,.015964778,.34820256
1978,september,1978m9,.013380378,.027367275,.2943846,.20982565,.060300369,.030489873,,.05242455,1.1951644,.015991753,.35183799
1978,october,1978m10,.013389928,.027566614,.29414058,.20986235,.060675003,.03082034,,.051673178,1.1949744,.016000621,.35149047
1978,november,1978m11,.013676548,.028111083,.29859725,.20885251,.06373772,.031159297,,.051150918,1.1988341,.016395912,.35796854
1978,december,1978m12,.013721021,.027779914,.29748473,.21076497,.06176221,.03073944,,.051242135,1.197962,.016437262,.3563754
1979,january,1979m1,.013725032,.028093932,.29890206,.20981619,.062427334,.031015376,,.050909124,1.199123,.016458003,.35842034
1979,february,1979m2,.013726014,.02887743,.30321896,.20760034,.064309418,.031208029,,.050802041,1.2026689,.016507849,.36467201
1979,march,1979m3,.013653754,.027506825,.29717812,.20728528,.062295459,.030895036,,.050774824,1.1976572,.016352518,.35591751
1979,april,1979m4,.013911383,.027668895,.29496834,.2086276,.062215433,.030618133,,.050712924,1.1960689,.016638972,.35280246
1979,may,1979m5,.013787976,.027272681,.28964907,.20724069,.061497524,.030418266,,.051062461,1.1916709,.01643073,.34516636
1979,june,1979m6,.014377765,.027922003,.29021418,.20870978,.062258501,.031244429,,.051073462,1.1926004,.017146928,.34610954
1979,july,1979m7,.014264876,.027450535,.2946479,.20710662,.06248951,.031467963,,.052029245,1.1960957,.017062157,.3524271
1979,august,1979m8,.014227733,.027225478,.29146808,.20621879,.062421005,.031193191,,.052470505,1.1934907,.016980669,.34786445
1979,september,1979m9,.014637878,.027278963,.29086515,.20560093,.061957672,.031294905,,.052864637,1.1933351,.017467894,.34709957
1979,october,1979m10,.015145368,.027327543,.29153177,.20256935,.062860712,.032130674,,.053497307,1.1942837,.018087866,.34817165
1979,november,1979m11,.015677284,.027589388,.28796521,.19894938,.06397377,.032877319,,.054710407,1.1918361,.018684754,.34320733
1979,december,1979m12,.016011961,.027104625,.28175774,.19628318,.061745085,.032795493,,.056664798,1.1871384,.019008415,.33448544
1980,january,1980m1,.016339373,.027338041,.2793816,.1943337,.061533011,.03324572,,.058169607,1.1855116,.019370517,.33121014
1980,february,1980m2,.016381931,.027750928,.28009942,.19133563,.062202197,.033325382,,.05969587,1.1861147,.019430848,.33223003
1980,march,1980m3,.016635828,.0267168,.27542567,.19033231,.060824499,.033612255,,.060736835,1.182621,.019673878,.32572418
1980,april,1980m4,.016786518,.026520837,.27073845,.18909426,.06013494,.033765826,,.062013566,1.1790643,.019792384,.31921804
1980,may,1980m5,.016757505,.026239622,.26488924,.18699712,.059269916,.033833664,,.063342862,1.174499,.019681673,.31111217
1980,june,1980m6,.01755836,.026599796,.26238185,.18571387,.059574503,.034691978,,.064462952,1.1731827,.020599166,.30782187
1980,july,1980m7,.0172679,.026066272,.26384553,.18089454,.059146397,.034604598,,.066578984,1.1740873,.020274021,.30977768
1980,august,1980m8,.017152574,.025684843,.26065633,.17916809,.058695819,.034825504,,.067664094,1.1715446,.020095004,.30537051
1980,september,1980m9,.017198486,.025911624,.26438752,.1783236,.058930762,.034999836,,.068223588,1.1744521,.020198798,.31051046
1980,october,1980m10,.017065287,.025876703,.2631577,.17794691,.059616078,.035518207,,.068418905,1.1734006,.020024419,.3087894
1980,november,1980m11,.01689171,.026079955,.26096794,.17769605,.059965927,.035880767,,.068732582,1.1715834,.019790048,.30574572
1980,december,1980m12,.016832413,.025935978,.26240942,.17975615,.059840128,.035791565,,.068783373,1.1726452,.019738449,.30771315
1981,january,1981m1,.016581213,.026022526,.26087359,.18099001,.059297062,.035843078,,.068364136,1.171273,.019421127,.30555418
1981,february,1981m2,.016488677,.026729118,.25994796,.1819005,.05970807,.036088258,,.067983508,1.170493,.019299882,.30426726
1981,march,1981m3,.016701033,.025666485,.25836793,.18305974,.059252042,.036419574,,.067750126,1.1694477,.019530984,.30214778
1981,april,1981m4,.016963582,.025415625,.25284168,.18373738,.057941511,.036218848,,.068014011,1.1654481,.019770175,.29467386
1981,may,1981m5,.017450742,.025392856,.2490622,.18344989,.056861971,.036018778,,.068359137,1.1629654,.02029461,.28965071
1981,june,1981m6,.018345527,.025563376,.24631098,.18300624,.057140436,.037097283,,.069162965,1.1615719,.021309648,.2861079
1981,july,1981m7,.018103745,.025300706,.24810661,.18087433,.056794949,.037287787,,.070916407,1.162738,.021049911,.28848299
1981,august,1981m8,.018385995,.025084045,.24705014,.17978053,.057062443,.03770702,,.071988985,1.1621566,.021367405,.28711095
1981,september,1981m9,.018756604,.025367301,.24649315,.1798602,.056879845,.037805144,,.072982199,1.1620166,.021795485,.28642914
1981,october,1981m10,.019069338,.025074987,.24187005,.17855036,.056638528,.038855053,,.07428439,1.1587954,.022097461,.28027788
1981,november,1981m11,.019523466,.025343725,.23970093,.17624305,.05735841,.039903942,,.07565169,1.1575204,.02259881,.27745873
1981,december,1981m12,.02002503,.025230536,.23734616,.17506814,.057596087,.040335543,,.077457651,1.156147,.023151878,.27440706
1982,january,1982m1,.020205313,.025202781,.23226628,.17287134,.056260861,.040688206,,.079227917,1.1525375,.02328738,.26769558
1982,february,1982m2,.020761359,.026101558,.23208448,.17115767,.057795804,.041137405,,.080908172,1.1528121,.023933947,.26754981
1982,march,1982m3,.021082615,.024826044,.22717266,.16792396,.056690272,.041164543,,.083053589,1.1494558,.024233535,.26112494
1982,april,1982m4,.021335028,.024511172,.21827649,.16551782,.055006631,.041073214,,.085229985,1.143208,.024390375,.24953543
1982,may,1982m5,.021403225,.024308892,.21435797,.163881,.054494947,.041558899,,.087511547,1.1404548,.02440941,.24446557
1982,june,1982m6,.021748781,.024520015,.21100117,.16202866,.054889306,.042502206,,.08961945,1.138314,.024756942,.24018559
1982,july,1982m7,.021185555,.024074223,.21038054,.15887322,.054434378,.042425733,,.092098229,1.1374754,.024098046,.23930268
1982,august,1982m8,.021067347,.023844626,.20789833,.15748973,.054382108,.042359225,,.093655787,1.1356392,.023924906,.2360975
1982,september,1982m9,.020891037,.024131663,.20803003,.15731044,.054235853,.042471793,,.094612241,1.1356077,.023724023,.23624051
1982,october,1982m10,.020547461,.024171827,.20590495,.15595928,.054651838,.04308892,,.095152363,1.1338722,.023298193,.23346989
1982,november,1982m11,.020689782,.024646319,.20558554,.15649728,.056890048,.044088937,,.095488504,1.1337479,.023456998,.23308218
1982,december,1982m12,.020528583,.024492243,.20590915,.15847737,.056324694,.04352136,,.096269615,1.1338619,.023276579,.23347254
1983,january,1983m1,.020210609,.024354791,.20550498,.15858018,.05513905,.043331407,,.096046567,1.1333556,.022905808,.23291023
1983,february,1983m2,.02014317,.025202937,.20905934,.1589997,.057126179,.043503102,,.09560883,1.1358061,.022878734,.23745087
1983,march,1983m3,.019683363,.024049647,.2075305,.15970097,.055792537,.043029867,,.095122144,1.1344067,.022328939,.23542398
1983,april,1983m4,.019356888,.023846779,.20803231,.16132165,.055733878,.042582672,,.093989842,1.1345299,.021960968,.23601888
1983,may,1983m5,.019019248,.023883099,.20963818,.16404158,.055610348,.042063713,,.092619814,1.135422,.021594873,.2380278
1983,june,1983m6,.019063734,.024538731,.21048412,.16635457,.056351271,.042001214,,.090615071,1.1360495,.021657346,.23912038
1983,july,1983m7,.018417709,.02434485,.21694267,.16749935,.057183217,.041836739,,.089444689,1.1401691,.020999303,.24735133
1983,august,1983m8,.018055661,.024421886,.22038072,.17033747,.057584897,.041708812,,.087148204,1.1423658,.020626169,.25175542
1983,september,1983m9,.017729381,.024538385,.22535965,.17274529,.057694759,.041658416,,.084762074,1.1457105,.020312738,.25819692
1983,october,1983m10,.017415719,.024495173,.22798885,.17379837,.058685843,.041633498,,.082206823,1.147385,.019982535,.26159099
1983,november,1983m11,.017512478,.024990533,.23445472,.17629254,.061311163,.041695084,,.079865657,1.1521677,.02017731,.27013114
1983,december,1983m12,.017245919,.024984322,.23672883,.17820103,.059911828,.040703051,,.077936701,1.1536416,.019895609,.27310023
1984,january,1984m1,.017182041,.025542917,.23997661,.1801338,.060309179,.040517289,,.07612659,1.1559899,.019862266,.27741054
1984,february,1984m2,.016915506,.026258115,.24286941,.18254121,.061808039,.040284608,,.074606769,1.1579367,.019587085,.28122741
1984,march,1984m3,.016682256,.025139539,.24256885,.18446033,.060351718,.03999434,,.073246874,1.1575402,.019310381,.28078321
1984,april,1984m4,.016649144,.025253575,.24384211,.18787917,.060446605,.040097084,,.072075307,1.1584618,.019287398,.28248176
1984,may,1984m5,.016425373,.025307257,.241074,.18963484,.060167383,.040061653,,.071038023,1.1562419,.018991705,.27873984
1984,june,1984m6,.016811922,.025772741,.24151355,.19049658,.06094237,.040596284,,.0699232,1.1568537,.019448934,.27939585
1984,july,1984m7,.016559569,.02547407,.24727513,.1888752,.061579276,.040575597,,.069952659,1.1609564,.019224938,.28707564
1984,august,1984m8,.01631275,.025381699,.2485619,.18939278,.061530802,.040580377,,.069020145,1.1617354,.018951099,.28876317
1984,september,1984m9,.016350888,.025570629,.25179496,.19047683,.06175568,.040476728,,.068369783,1.1641949,.019035621,.29313841
1984,october,1984m10,.016572881,.026055686,.25439104,.19148235,.063347295,.040599722,,.067561522,1.1663252,.019329369,.29670268
1984,november,1984m11,.016859673,.026591221,.25572953,.19184493,.06452582,.041202255,,.067181148,1.1675587,.019684657,.29857922
1984,december,1984m12,.01684385,.026308799,.25260043,.19235735,.062463567,.040877741,,.067344099,1.1651751,.019626034,.29432374
1985,january,1985m1,.016857665,.026437908,.25418675,.1940158,.062935188,.040297378,,.067244068,1.1663862,.019662548,.29647994
1985,february,1985m2,.016728481,.02668402,.25666627,.19254214,.064085692,.040501151,,.066717036,1.1681714,.019541733,.2998302
1985,march,1985m3,.01683056,.025939293,.25551134,.19211034,.063144751,.040357932,,.066750169,1.1673708,.019647503,.29827648
1985,april,1985m4,.016918467,.025939479,.2539514,.19512478,.06254103,.039900035,,.066258624,1.1662539,.019731229,.29617181
1985,may,1985m5,.016647192,.025342284,.24945706,.1932532,.061437558,.039239638,,.06576477,1.1626582,.019354993,.29003331
,,1985m6,,,,,,,,,,,
1985,july,1985m7,.016776452,.025498588,.25642771,.19358724,.061865464,.039826967,,.066008799,1.1680263,.019595338,.29951432
1985,august,1985m8,.016523566,.025094924,.2552084,.19308679,.061504997,.039646838,,.06582576,1.1669077,.019281477,.29780465
,,1985m9,,,,,,,,,,,
1985,october,1985m10,.01660686,.02527035,.25641322,.19394186,.062729821,.039608598,,.064913876,1.1678864,.019394925,.29946151
1985,november,1985m11,.016563315,.024986403,.25579643,.19238335,.063995495,.039896138,,.064569637,1.1673844,.019335756,.29861277
1985,december,1985m12,.016532049,.024574878,.25451615,.19369827,.063410774,.039183043,,.064620465,1.1663891,.019282801,.29686487
1986,january,1986m1,.016477896,.024917349,.25757566,.19267376,.063787557,.039116498,,.064363964,1.1686732,.019257275,.30102175
1986,february,1986m2,.016343182,.025450001,.25699082,.19118524,.064058624,.039258935,,.064093545,1.1681252,.019090882,.30019745
1986,march,1986m3,.016381903,.024474703,.25529224,.19187281,.063113324,.038772255,,.063848011,1.1668638,.01911545,.29789126
1986,april,1986m4,.016355844,.02426715,.25493184,.19200763,.062621035,.038512412,,.063452929,1.1665707,.019080248,.297396
1986,may,1986m5,.016233984,.024003025,.2535834,.188796,.062403802,.037730895,,.063502818,1.1654572,.018920016,.2955406
1986,june,1986m6,.016702225,.024582505,.25569844,.18748593,.062907971,.038475309,,.063296303,1.1674155,.019498438,.29850632
1986,july,1986m7,.016289413,.023846114,.25649437,.18426806,.062570021,.038301699,,.063749202,1.1677066,.019021256,.29951018
1986,august,1986m8,.01612157,.023702631,.2579532,.18449017,.062894776,.037614718,,.063569844,1.1686894,.018841108,.30146715
1986,september,1986m9,.015959503,.024033288,.26233831,.18742158,.063400865,.037366122,,.062986419,1.1719198,.018703258,.30743948
1986,october,1986m10,.015890792,.024018088,.26460859,.18570246,.064429492,.037529543,,.06211165,1.1736137,.018649651,.31054825
1986,november,1986m11,.015755277,.024037089,.26585159,.18540891,.065379173,.037474595,,.061465576,1.1744683,.018504074,.31223425
1986,december,1986m12,.015751444,.024127362,.26831779,.18662676,.064512163,.037000604,,.060832176,1.1763746,.018529598,.31564221
1987,january,1987m1,.015505442,.024225809,.27008706,.18573044,.063905135,.036639385,,.060002431,1.1775581,.018258559,.3180432
1987,february,1987m2,.015381371,.024665296,.27202648,.18735969,.064436741,.036569484,,.059459914,1.1789728,.018134218,.32071182
1987,march,1987m3,.015263398,.023651151,.27503261,.18745321,.064668603,.035986811,,.058672041,1.1812333,.018029634,.32487768
1987,april,1987m4,.014955067,.023606995,.27306414,.18804874,.063730851,.035525624,,.05804814,1.1794503,.017638758,.32206556
1987,may,1987m5,.014822878,.023510266,.2729212,.18994641,.063464522,.034862734,,.057365257,1.1792353,.017479662,.32183832
1987,june,1987m6,.015102256,.023946565,.27205038,.19218324,.064053401,.035760961,,.056500569,1.1787736,.017802142,.3206858
1987,july,1987m7,.014632422,.023594672,.27542135,.19195499,.064732,.035265666,,.056595601,1.1810433,.017281523,.32528454
1987,august,1987m8,.014388339,.023531245,.27679551,.19236426,.065201126,.034860298,,.055862542,1.1819305,.017006017,.32715306
1987,september,1987m9,.014225733,.023822203,.28361362,.1928509,.065708145,.034614753,,.055092081,1.1871939,.016888704,.33670434
1987,october,1987m10,.01418716,.023734964,.2825312,.19231468,.066093899,.034717906,,.053784829,1.1863029,.016830269,.33516759
1987,november,1987m11,.01421653,.024153894,.28652883,.19277431,.068386883,.034478188,,.053143181,1.1895124,.016910739,.34082958
1987,december,1987m12,.014099173,.024046049,.28786552,.19278291,.067421675,.034244899,,.052538451,1.1904888,.016784908,.34270069
1988,january,1988m1,.01389136,.023918491,.2867603,.19346668,.066883087,.033843648,,.052046616,1.1894374,.016522903,.34108344
1988,february,1988m2,.013903193,.024686536,.29315844,.1944755,.068465799,.033930961,,.0515492,1.1945947,.016608682,.35020554
1988,march,1988m3,.01378084,.023710087,.29224131,.19526458,.068071812,.033549827,,.050959766,1.1937542,.016450936,.34886429
1988,april,1988m4,.013683883,.023673402,.28751951,.19556943,.067067079,.033225216,,.050416689,1.1898789,.016282165,.34211341
1988,may,1988m5,.013652609,.023688091,.28689805,.19651024,.066873789,.032701921,,.050039295,1.1893566,.01623782,.34122407
1988,june,1988m6,.013960158,.024027467,.28553668,.19505705,.068088122,.033315919,,.049753807,1.1885147,.016591854,.33936453
1988,july,1988m7,.013618246,.023786899,.29241505,.19268423,.06851954,.032727707,,.050122142,1.1937633,.016256962,.34907433
1988,august,1988m8,.013516795,.023674589,.29424813,.19456044,.068617217,.032355133,,.049586147,1.1951644,.016154792,.35167491
1988,september,1988m9,.013536892,.023979945,.29707366,.19386989,.068448164,.032461666,,.048834067,1.1974769,.016210115,.35573885
1988,october,1988m10,.013494782,.023832384,.29496622,.19526477,.068500981,.032939505,,.048042413,1.1957289,.016136101,.35269964
1988,november,1988m11,.013546073,.024084592,.29954085,.19489264,.070714109,.033461947,,.047794383,1.1994992,.016248504,.35929903
1988,december,1988m12,.013553817,.023888024,.29643238,.1957209,.068744138,.033458728,,.047739908,1.1969684,.01622349,.35482019
1989,january,1989m1,.013473265,.023934137,.29684567,.1964242,.068587892,.033397857,,.047626812,1.1972393,.016130721,.35539529
1989,february,1989m2,.013600416,.024942465,.30401832,.1955291,.07050477,.033705551,,.047426313,1.2032248,.016364358,.36580238
1989,march,1989m3,.013563758,.0238715,.29968208,.19651005,.069710121,.03332603,,.047244854,1.1996293,.016271481,.35950741
1989,april,1989m4,.013853276,.023879103,.30113074,.19562453,.069741286,.033249661,,.047091778,1.2010549,.016638545,.36167458
1989,may,1989m5,.013815627,.023743987,.30032438,.19614474,.068789758,.033132032,,.047186859,1.2003621,.016583754,.36049801
1989,june,1989m6,.01434206,.023952011,.30006063,.19694284,.06952861,.034012459,,.047205411,1.2005776,.017218757,.36024606
1989,july,1989m7,.014125523,.023797531,.30836248,.19548959,.069644935,.034146085,,.047897525,1.2072636,.01705323,.37227479
1989,august,1989m8,.014014645,.023671724,.30583218,.19701904,.069694474,.034139436,,.047761183,1.2050682,.016888604,.36854863
1989,september,1989m9,.014042019,.0239112,.30487669,.19728799,.069452479,.034159679,,.047581144,1.2042994,.016910795,.36716282
1989,october,1989m10,.013947298,.023718728,.3047336,.19704786,.070122965,.034475248,,.047617983,1.2041026,.016793977,.36693054
1989,november,1989m11,.014097974,.024127636,.30737689,.19549888,.072561987,.034779601,,.047550347,1.2064202,.017008079,.37082568
1989,december,1989m12,.014214332,.023886461,.30194747,.19594049,.071064942,.034201268,,.047800586,1.2020236,.017085964,.362948
1990,january,1990m1,.014322699,.024124581,.30450395,.19548282,.071014307,.034413125,,.04791769,1.2042232,.017247725,.3666907
1990,february,1990m2,.0143964,.024655389,.30235466,.19487485,.07190723,.034519199,,.048250377,1.202509,.017311802,.36358422
1990,march,1990m3,.014375051,.023463037,.29580724,.19518176,.069935262,.034277115,,.048666947,1.1971281,.017208777,.35411915
1990,april,1990m4,.014681915,.023449078,.29449743,.19506797,.069168381,.034320671,,.048979715,1.1963122,.017564153,.35231087
1990,may,1990m5,.014479371,.023113031,.2860167,.19427077,.068051405,.034419429,,.049819149,1.1893129,.017220503,.34016335
1990,june,1990m6,.015189534,.023604671,.28315842,.19426237,.06836541,.035352964,,.050535668,1.1875987,.01803907,.33627859
1990,july,1990m7,.015112149,.023230037,.28547019,.18970314,.068227552,.035870828,,.05203535,1.189382,.017974118,.33953309
1990,august,1990m8,.015177791,.022888845,.277973,.18827474,.067381695,.035677385,,.052994784,1.1834794,.017962603,.32897532
1990,september,1990m9,.015269142,.022843841,.27810255,.18536699,.066423066,.035770129,,.054064747,1.1836537,.018073376,.32917711
1990,october,1990m10,.015509966,.022929249,.27831736,.18368955,.0669505,.036794592,,.054927129,1.1840134,.018364007,.32953149
1990,november,1990m11,.01574262,.023196036,.27608773,.18275784,.067930579,.038002431,,.056032989,1.182439,.018614687,.3264569
1990,december,1990m12,.015817028,.022831738,.2680743,.18189408,.066095144,.037728712,,.057423413,1.1762365,.018604565,.31531879
1991,january,1991m1,.015907839,.023120049,.26876909,.18101138,.065275215,.037996445,,.058557257,1.1768463,.018721081,.31629989
1991,february,1991m2,.015907301,.023258746,.26515976,.17993313,.065817796,.038174774,,.059442833,1.1740515,.01867599,.31131122
1991,march,1991m3,.016031602,.02251979,.26383466,.18074031,.064757913,.038274173,,.060329515,1.1731259,.018807087,.30951124
1991,april,1991m4,.016258284,.022475623,.26013893,.18067166,.064117007,.038453627,,.061005451,1.1704628,.019029718,.30448294
1991,may,1991m5,.016036367,.022116087,.25234547,.17889874,.062866166,.038544245,,.062046718,1.1643729,.018672312,.29382423
1991,june,1991m6,.016717041,.022642536,.25287735,.17770255,.063367479,.039494336,,.062806331,1.1652886,.019480176,.29467508
1991,july,1991m7,.016349668,.022049859,.2532948,.17347436,.063296989,.039663784,,.064497553,1.1653265,.019052701,.29517114
1991,august,1991m8,.016003355,.021906013,.24865048,.17265333,.063182689,.039484326,,.065201022,1.1615698,.018589014,.28882489
1991,september,1991m9,.015870485,.022101004,.2498306,.1735699,.063014425,.03977203,,.065605439,1.1623554,.018447144,.29039195
1991,october,1991m10,.015892597,.022072349,.24716732,.17326909,.063897185,.040999971,,.065673292,1.160377,.018441405,.28680727
1991,november,1991m11,.015873946,.02192278,.24309075,.17136708,.064501897,.041716773,,.066159487,1.1573277,.018371357,.28133565
1991,december,1991m12,.01602993,.021915939,.24301659,.17149064,.064215168,.04160345,,.066745639,1.1573884,.018552855,.2812646
1992,january,1992m1,.015992718,.022100862,.24248421,.17084892,.063494511,.042050749,,.067353204,1.156966,.018503031,.28054598
1992,february,1992m2,.016005658,.022294309,.2399721,.17039767,.063951947,.042311009,,.067864224,1.1551174,.018488413,.27719596
1992,march,1992m3,.015993236,.021797501,.23904002,.17054263,.063445017,.042108729,,.068319544,1.1544209,.018462924,.27595279
1992,april,1992m4,.01602873,.021605009,.23632734,.16906673,.062742725,.042073749,,.068567656,1.1524527,.018472353,.27235606
1992,may,1992m5,.015868733,.021394111,.23311445,.16895118,.062226888,.042149317,,.069027625,1.1499863,.018248824,.26807842
1992,june,1992m6,.016299676,.021977492,.23336053,.16845301,.063000947,.042922325,,.069303937,1.1504802,.018752454,.26847667
1992,july,1992m7,.015668472,.021717981,.23285043,.16881916,.063071445,.042934109,,.06998156,1.1496478,.018013226,.26769599
1992,august,1992m8,.015503813,.021700535,.23414506,.17064847,.063359156,.042451244,,.069672592,1.1504719,.017836701,.26937732
1992,september,1992m9,.015480478,.022091942,.23862052,.17194815,.063041948,.042441782,,.069022179,1.1537344,.01786036,.2753047
1992,october,1992m10,.015422959,.022082563,.23787896,.17065015,.063931055,.042779785,,.068272471,1.153147,.017784938,.2743094
1992,november,1992m11,.015411515,.022160541,.23696479,.17007139,.065176204,.042785976,,.067855179,1.1524676,.017761271,.27309424
1992,december,1992m12,.015550015,.022250965,.24092774,.1714099,.064820975,.042164501,,.067552462,1.1554866,.017967833,.27838877
1993,january,1993m1,.015343126,.022369597,.23944284,.17259295,.063961603,.041444294,,.066968866,1.1542387,.01770963,.27637419
1993,february,1993m2,.015387382,.023150781,.24300794,.17372403,.065296061,.041330542,,.066176437,1.1569054,.017801747,.2811372
1993,march,1993m3,.015184538,.022355072,.24236412,.17379569,.06472037,.041148551,,.065384015,1.1562784,.017557552,.28024039
1993,april,1993m4,.015096316,.02209775,.23836601,.17517762,.063560948,.040771626,,.064537518,1.1532649,.017410051,.27489915
1993,may,1993m5,.015020995,.022081457,.23814186,.17635593,.063547105,.040513705,,.063791938,1.1530448,.01731988,.27458826
1993,june,1993m6,.015583876,.022981465,.23772517,.17882861,.066065326,.041116044,,.063029371,1.1531522,.017970581,.27413329
1993,july,1993m7,.015045546,.022698797,.24221611,.1798103,.066824697,.041358382,,.063271359,1.1560661,.017393645,.28001782
1993,august,1993m8,.014930336,.022679135,.24504079,.18073671,.066648602,.041354332,,.062585637,1.1580751,.017290451,.28377563
1993,september,1993m9,.014879341,.022935336,.24974632,.18452199,.066696078,.041762881,,.061930802,1.1615487,.01728308,.29009253
1993,october,1993m10,.014736109,.022813672,.25078461,.18845336,.067264527,.041961204,,.061167616,1.16222,.017126601,.29146689
1993,november,1993m11,.014830788,.023160107,.25346681,.19516234,.068904765,.042806864,,.060376782,1.1643094,.017267626,.2951138
1993,december,1993m12,.014885834,.023321478,.2570954,.20093501,.067843869,.04266667,,.059887622,1.1670969,.01737321,.30005524
1994,january,1994m1,.014606791,.023487104,.2573452,.2044214,.067415908,.042850595,.031259336,.059409004,1.1670747,.017047215,.30034107
1994,february,1994m2,.014639789,.023998221,.2636821,.2067949,.068453692,.043066915,.032566812,.058754299,1.1719383,.017156931,.30901915
1994,march,1994m3,.01429721,.022910837,.26365703,.20934694,.067295663,.043022919,.032083217,.05812788,1.171656,.016751412,.30891535
1994,april,1994m4,.014281669,.022966886,.26441431,.21289547,.06689664,.04263879,.031478573,.057490986,1.1722256,.016741337,.30995321
1994,may,1994m5,.014237654,.023063529,.26788551,.21570387,.066972941,.042597014,.030831618,.056928184,1.1748673,.016727354,.3147299
1994,june,1994m6,.014675017,.023592182,.26869816,.21948814,.06764593,.043125864,.030579412,.056336731,1.1758348,.017255396,.31594464
1994,july,1994m7,.014039642,.022897681,.27529973,.21969895,.066062748,.042673919,.030499471,.056439221,1.1804832,.016573561,.3249867
1994,august,1994m8,.013985939,.022644212,.2777749,.21955758,.065356024,.041995063,.029833235,.055210758,1.1823844,.016536755,.3284367
1994,september,1994m9,.013948562,.022653563,.28007725,.22059765,.065009728,.041613944,.029411115,.054241534,1.1841702,.016517472,.33165914
1994,october,1994m10,.013796657,.02269233,.27959222,.22090922,.065133542,.04173293,.029216304,.053263288,1.1836672,.01633065,.33094412
1994,november,1994m11,.013962455,.022793882,.27919734,.22106765,.065225795,.041683659,.029292583,.05292907,1.1834865,.016524376,.33042628
1994,december,1994m12,.013857499,.022556614,.27893519,.21896471,.062951088,.040644992,.028735947,.052938659,1.183197,.016396152,.3300353
1995,january,1995m1,.013737941,.022500714,.2787402,.21806389,.062490337,.040055897,.028489739,.052694391,1.1829491,.016251285,.32973546
1995,february,1995m2,.013712185,.022175405,.27812296,.21796145,.062141664,.039365653,.028242465,.052218087,1.1824428,.016213875,.32886449
1995,march,1995m3,.013455737,.020932849,.27540508,.22008865,.061140828,.038999334,.026914077,.051604182,1.1801085,.015879231,.32500789
1995,april,1995m4,.013808094,.02119283,.27534398,.22195335,.060898937,.038436763,.027172631,.051065348,1.1803366,.016298199,.32499859
,,1995m5,,,,,,,,,,,
,,1995m6,,,,,,,,,,,
,,1995m7,,,,,,,,,,,
,,1995m8,,,,,,,,,,,
1995,september,1995m9,.013245163,.020667506,.26738796,.22154826,.059729006,.039370615,.026134444,.052123677,1.1737168,.01554607,.31383774
1995,october,1995m10,.013343292,.020735368,.27096426,.22353385,.061375432,.039769933,.026743539,.051715739,1.1765594,.015699176,.31880558
1995,november,1995m11,.013464717,.020837266,.27011228,.22634506,.06347134,.039914351,.026926409,.051387511,1.1759927,.01583441,.31765008
1995,december,1995m12,.013503031,.021034036,.27173349,.22503521,.064418964,.040629562,.027153473,.051064827,1.1772811,.015896864,.31990671
1996,january,1996m1,.013385806,.021667676,.27727804,.22392699,.065036997,.040438339,.027608955,.051081438,1.181522,.015815625,.32761011
1996,february,1996m2,.013292449,.022097632,.28031814,.22536156,.065845303,.040513728,.027888326,.05076338,1.1838423,.015736163,.33185247
1996,march,1996m3,.013100605,.021857094,.28263867,.22365716,.065874867,.04048349,.027769784,.050580923,1.1855261,.015531109,.33507553
1996,april,1996m4,.013296694,.021869436,.28223217,.22309166,.065150246,.040270943,.027648667,.050300241,1.1853594,.015761361,.33454654
1996,may,1996m5,.01302216,.021479409,.27808291,.22233039,.064107902,.039964914,.02685448,.050405927,1.1818687,.015390483,.32865748
1996,june,1996m6,.013601476,.021990871,.28066355,.22287481,.065195978,.040521346,.027382279,.050149143,1.1843592,.016109034,.33240646
1996,july,1996m7,.013066598,.021641443,.28486711,.21972944,.065481201,.040434442,.0273214,.050882399,1.187269,.015513566,.33821389
1996,august,1996m8,.012863467,.021471094,.28387934,.21886563,.065109387,.040326823,.027226977,.050346505,1.1863223,.015260219,.33677241
1996,september,1996m9,.012731627,.021699926,.28559855,.22214621,.065213971,.039434176,.027039897,.049900912,1.1875846,.015119884,.33917245
1996,october,1996m10,.01277011,.021949194,.29270539,.22174671,.066863485,.039630096,.027404049,.049208991,1.1933129,.015238737,.34928912
1996,november,1996m11,.012766276,.022073623,.29214248,.22190683,.067673028,.039676562,.027309241,.048706565,1.1928557,.015228325,.34848383
1996,december,1996m12,.012727877,.021991957,.29469573,.21997686,.067073926,.039489176,.027314818,.048436128,1.1948879,.015208386,.35212836
1997,january,1997m1,.012561916,.022346949,.29672199,.22236443,.066811085,.039072037,.027469913,.048138689,1.1963972,.015029041,.35499737
1997,february,1997m2,.012504626,.022455815,.29449323,.22274202,.067133732,.038959526,.027446074,.047590602,1.1945431,.014937315,.35178486
1997,march,1997m3,.01249054,.02205169,.29663348,.22220129,.067089953,.038404107,.02747768,.047252696,1.1962672,.014942024,.35485291
1997,april,1997m4,.012461723,.022169236,.29447952,.22526656,.067069225,.037689846,.027541082,.04670658,1.1944973,.014885494,.35175499
1997,may,1997m5,.012284626,.022193186,.29240134,.22707009,.067227222,.037003554,.027185811,.046398547,1.1926762,.014651582,.34874013
1997,june,1997m6,.012740833,.022729501,.29458722,.22829284,.068552792,.03723501,.027632546,.045719914,1.1948105,.015222881,.35197592
1997,july,1997m7,.01229112,.022337465,.29756144,.22780262,.068638802,.036957383,.02750857,.045948215,1.1968596,.014710746,.35613927
1997,august,1997m8,.012229268,.02224829,.29772541,.2296554,.069010764,.036924843,.027456548,.045085032,1.1969427,.014637734,.35636026
1997,september,1997m9,.012202419,.022526795,.30411625,.23225927,.069049016,.036047347,.02758914,.044539303,1.2021527,.014669172,.36559418
1997,october,1997m10,.012145284,.022508811,.30674967,.23043506,.069969513,.036283258,.027746379,.043568745,1.2042798,.01462632,.36941242
1997,november,1997m11,.012065242,.022638408,.3052299,.22970152,.070441216,.036371246,.0278116,.042961668,1.2029577,.014513977,.36717868
1997,december,1997m12,.012139958,.022919105,.3075473,.22984417,.070294477,.035909835,.028055839,.042934202,1.2049359,.014627872,.37057477
1998,january,1998m1,.012056351,.023339711,.30883729,.22981423,.070849046,.03546229,.028006498,.042703889,1.205937,.0145392,.37243834
1998,february,1998m2,.012042033,.023472643,.31075767,.2282031,.072413601,.035039227,.027890123,.042421322,1.2075233,.014541036,.37524715
1998,march,1998m3,.012014668,.02294738,.31503376,.22879606,.072998747,.034756396,.027715839,.042040303,1.2110803,.014550729,.38153118
1998,april,1998m4,.011926536,.023002073,.31164825,.23055252,.072505102,.034587685,.027145056,.041694872,1.2081701,.014409283,.37652409
1998,may,1998m5,.012002618,.023053559,.30998993,.23236001,.072459206,.034068882,.026796341,.041521933,1.2068509,.01448537,.37411162
1998,june,1998m6,.012263387,.023398923,.30989021,.23251893,.073148176,.03473023,.026922058,.041186992,1.206985,.014801724,.37403283
1998,july,1998m7,.011921114,.023194153,.31388238,.23050527,.07325571,.034817658,.026829848,.041502643,1.2100351,.014424967,.37980869
1998,august,1998m8,.011715174,.023213698,.31557497,.22960895,.073393442,.034447491,.026726708,.041191619,1.2112836,.014190397,.38225079
1998,september,1998m9,.011679439,.023632834,.31887728,.23118235,.073931262,.033739205,.026964929,.040811423,1.2140392,.014179297,.38712952
1998,october,1998m10,.011659336,.023559535,.31580159,.23120628,.074939378,.033873308,.026674518,.040329218,1.2114272,.014124437,.38257065
1998,november,1998m11,.011728753,.02385382,.31680861,.2307917,.076068193,.034045592,.02688361,.04030057,1.2123337,.014219163,.38407776
1998,december,1998m12,.011854967,.024070742,.31720719,.23127973,.076419108,.033878535,.027016107,.040458772,1.2127763,.014377424,.38470137
1999,january,1999m1,.011616669,.02414275,.31685817,.23127539,.076027714,.033466168,.026690949,.040352769,1.212281,.014082666,.38412115
1999,february,1999m2,.011573648,.024544064,.32227254,.22954716,.076612413,.033718411,.02719705,.040062152,1.2168319,.014083184,.3921515
1999,march,1999m3,.011456909,.023831468,.32100102,.23080027,.075765252,.033318527,.027029423,.039832674,1.2156512,.013927604,.39022526
1999,april,1999m4,.011428122,.023753235,.31863958,.23233296,.074398763,.03315464,.026742077,.03957973,1.2136257,.013869463,.38670918
1999,may,1999m5,.011397214,.023669124,.31773171,.23191695,.074009262,.032901675,.026854932,.03933743,1.2128326,.013822912,.38535535
1999,june,1999m6,.011750032,.023940258,.3218255,.22887479,.074509755,.033697229,.027252801,.038986001,1.2166015,.014295107,.39153337
1999,july,1999m7,.011335533,.023583043,.32482716,.22614203,.074590631,.033443917,.027383454,.039377891,1.2188092,.013815853,.39590237
1999,august,1999m8,.01121473,.023569442,.32762849,.22748232,.074966848,.033201002,.027680092,.039201282,1.2211083,.013694401,.40006989
1999,september,1999m9,.011135724,.023601256,.3281348,.23025611,.074818403,.03283577,.027676286,.038860597,1.221476,.013602019,.40080878
1999,october,1999m10,.01105468,.023532201,.32726505,.22931726,.07425902,.032975279,.02763286,.038414422,1.2206584,.013493988,.39947885
1999,november,1999m11,.011189278,.023839135,.33023009,.2306758,.075530805,.033516578,.028313702,.038154643,1.2233293,.013688172,.40398014
1999,december,1999m12,.011265971,.023929378,.32996857,.23229945,.07434541,.033174478,.028439298,.038084455,1.2231696,.013780192,.40360752
2000,january,2000m1,.011160994,.023876108,.32918453,.23504399,.073546432,.032725867,.028225249,.037951987,1.2224022,.013643224,.4023959
2000,february,2000m2,.011160516,.02420276,.33364397,.23578843,.074759372,.032651205,.028726483,.037725125,1.2262647,.013685747,.40913582
2000,march,2000m3,.011052935,.023423024,.33045954,.23754704,.074160635,.031814158,.028169405,.037449468,1.2234098,.013522269,.40428743
2000,april,2000m4,.011148771,.023842055,.3311618,.23716564,.073676735,.031579837,.028155616,.037286263,1.2241002,.013647214,.40537524
2000,may,2000m5,.010995788,.023817167,.32531366,.23603959,.073683657,.031005939,.027709283,.037259743,1.2189348,.013403149,.39653614
2000,june,2000m6,.011422373,.024200426,.32408255,.23386084,.074752249,.031525958,.027836429,.037189759,1.2182468,.01391527,.39481255
2000,july,2000m7,.011195013,.024233205,.32531554,.2321907,.075524665,.031462301,.027876532,.037872776,1.2191069,.013647918,.39659441
2000,august,2000m8,.01119247,.024184247,.32494894,.23211892,.075507477,.031374682,.027646238,.037928551,1.218791,.013641282,.39604485
2000,september,2000m9,.011257334,.024412643,.3209641,.23403721,.074636899,.031077301,.027132368,.038006626,1.2154503,.01368273,.39011592
2000,october,2000m10,.011426719,.024779964,.32192695,.23185413,.074930154,.031300947,.026958732,.037989099,1.2164127,.013899606,.39159602
2000,november,2000m11,.011690818,.025071543,.32441077,.230801,.077437736,.031704713,.027019018,.038319208,1.2187569,.014248265,.39537787
2000,december,2000m12,.011699982,.02507589,.31953359,.22828194,.07661441,.031281166,.026691396,.038897447,1.2146125,.014210944,.38810948
2001,january,2001m1,.011842846,.025782982,.3209548,.22649941,.077111021,.031781968,.026817707,.039478116,1.2159398,.014400187,.39026171
2001,february,2001m2,.011834681,.026095301,.32102454,.22349145,.078033902,.03210707,.026844699,.040136006,1.2159921,.014390878,.39036331
2001,march,2001m3,.011970781,.025420446,.31278965,.2220403,.076581478,.032484662,.026090033,.040771514,1.2091613,.014474604,.37821314
2001,april,2001m4,.012500209,.025488155,.30840284,.22052261,.075995192,.033062316,.025826866,.041724138,1.2059449,.015074563,.37191683
2001,may,2001m5,.012551874,.025200568,.30135205,.21831127,.075057313,.033651527,.025161179,.042975258,1.2001685,.015064363,.36167324
2001,june,2001m6,.013381896,.025652321,.29903364,.21681459,.075039096,.034544215,.025402205,.044228975,1.1989499,.016044224,.35852638
2001,july,2001m7,.013298561,.025263349,.30168435,.21357912,.074644893,.034880411,.025249146,.046372738,1.201054,.01597229,.3623392
2001,august,2001m8,.013238136,.025041046,.29490107,.21268322,.073134527,.0353426,.024795322,.047608029,1.1954678,.015825765,.35254475
2001,september,2001m9,.013365629,.025260154,.29112795,.21115789,.072337747,.03550458,.024524523,.048822034,1.1925212,.015938796,.34717625
2001,october,2001m10,.013451013,.025347196,.29017591,.20721312,.073431015,.036251742,.024809282,.049753327,1.1918236,.016031234,.34583852
2001,november,2001m11,.01369781,.025469128,.28213841,.20549621,.075063407,.037031807,.025066335,.050737835,1.185603,.016240165,.33450416
2001,december,2001m12,.013698166,.025230419,.2734772,.20626836,.073225714,.037315328,.024879564,.051862396,1.1787914,.01614728,.32237256
2002,january,2002m1,.013860929,.025495205,.27391303,.20393619,.072563156,.037733942,.02469648,.052808888,1.1792587,.01634562,.32301432
2002,february,2002m2,.01368012,.02500027,.27029872,.20261677,.072073631,.037511397,.024371184,.053659305,1.1763045,.016091986,.31795359
2002,march,2002m3,.013837676,.024401601,.2644437,.20220351,.070994735,.037372161,.024006682,.053985961,1.1719072,.016216472,.30990347
2002,april,2002m4,.014000271,.024544906,.26199543,.20206058,.07115043,.037218738,.023885749,.054355249,1.1701558,.016382499,.30657548
2002,may,2002m5,.01365944,.024262071,.25459445,.20134115,.070314042,.037229661,.023310844,.054765377,1.1642764,.015903363,.29641831
2002,june,2002m6,.014179573,.024527768,.25211996,.20307711,.070846736,.037566423,.023710251,.05481388,1.162805,.016488079,.29316634
2002,july,2002m7,.013656563,.024081349,.25187472,.20159368,.070726179,.03779098,.023543615,.055563133,1.162228,.015872041,.29273584
2002,august,2002m8,.013448058,.024023611,.24551965,.20399456,.070183299,.037769511,.023228794,.05561386,1.1573299,.015563839,.28414723
2002,september,2002m9,.013395928,.023920618,.24637941,.20466974,.070037395,.037545551,.02292701,.055725403,1.1579295,.015511541,.28529
2002,october,2002m10,.013500839,.024015617,.24726225,.20545337,.070483714,.038035292,.023155883,.055451684,1.1586641,.015642937,.2864939
2002,november,2002m11,.013610127,.023875365,.24391332,.20480658,.071372017,.038533084,.023011109,.055485167,1.1562598,.015736843,.28202716
2002,december,2002m12,.013529823,.023707949,.2429322,.20582294,.070064887,.038401637,.022840176,.056002297,1.1554749,.015633371,.28070205
2003,january,2003m1,.013583724,.024047455,.24621318,.20465733,.070193052,.038328815,.02267568,.056398734,1.1579456,.015729215,.28510147
2003,february,2003m2,.013349651,.024013195,.24383199,.20608634,.070279531,.038253538,.022677757,.056557234,1.1560068,.015432288,.28187144
2003,march,2003m3,.013422816,.023790447,.24157779,.20754534,.070608251,.038536619,.022400012,.05668468,1.1543968,.015495256,.27887663
2003,april,2003m4,.013342165,.023803212,.23983142,.20795535,.070364282,.038656712,.022028174,.056925017,1.1530527,.01538422,.27653825
2003,may,2003m5,.013136454,.023574043,.23801592,.20814675,.069154806,.038405195,.021690181,.057260022,1.1515708,.015127556,.2740922
2003,june,2003m6,.013445402,.02397529,.23894882,.20770338,.069493942,.03897129,.022064796,.057168979,1.1524807,.015495568,.27538392
2003,july,2003m7,.012938105,.023673637,.240353,.206365,.06885872,.038848314,.021833863,.05786065,1.1531391,.014919435,.27716044
2003,august,2003m8,.012861319,.023659585,.24037515,.20758346,.068655923,.039045937,.021866661,.057556387,1.1530989,.014830373,.27717632
2003,september,2003m9,.012781149,.02396013,.24528798,.20736173,.068662375,.038563929,.022102352,.057051405,1.1566638,.014783491,.28371572
2003,october,2003m10,.012758458,.024182936,.24604775,.20765249,.068993255,.03852912,.02238727,.056209188,1.1572101,.014764217,.28472894
2003,november,2003m11,.012654006,.024150886,.24501163,.20735659,.06975428,.038717084,.022380389,.055843383,1.1563649,.014632648,.28332284
2003,december,2003m12,.012754452,.024394928,.24917439,.20895575,.068979435,.038068328,.022568101,.055769682,1.1595327,.014789204,.28892583
2004,january,2004m1,.012669386,.024604334,.25260746,.21022175,.068741351,.037662413,.022605317,.055213198,1.162037,.014722296,.29353923
2004,february,2004m2,.012542321,.024853878,.25678653,.21042085,.068875171,.037601154,.022872925,.054536995,1.1650879,.014612908,.29917887
2004,march,2004m3,.012526408,.024447272,.25829142,.21145454,.068692736,.037366096,.022787748,.053969555,1.1662146,.014608479,.30122322
2004,april,2004m4,.012461801,.024197504,.25671884,.21200879,.067854688,.037004657,.022643413,.05344769,1.1649759,.014517698,.29907125
2004,may,2004m5,.012394818,.024230054,.25688118,.21297793,.067002706,.036706667,.022772525,.052994486,1.165048,.014440559,.29927891
2004,june,2004m6,.012658116,.024492022,.25678203,.21273118,.067669056,.036925688,.023152607,.052535441,1.165172,.014748883,.29919523
2004,july,2004m7,.012411861,.024261398,.26004845,.21263872,.067581639,.036609769,.023294665,.052764513,1.1674608,.014490361,.30359638
2004,august,2004m8,.012312536,.024325373,.26129788,.21366264,.067484751,.036102992,.023415146,.052248593,1.1683356,.014385174,.30528361
2004,september,2004m9,.012220589,.024506683,.26733702,.21387592,.068041533,.035423573,.023495426,.051761426,1.1728882,.014333385,.31355643
2004,october,2004m10,.012169026,.024388991,.26547799,.21450555,.068152145,.03558496,.023257112,.051023975,1.1714203,.014255044,.31098631
2004,november,2004m11,.01234582,.024617588,.26731026,.21644123,.069644824,.035583504,.023624662,.050739348,1.172964,.014481202,.31354532
2004,december,2004m12,.012394829,.024687678,.26771593,.21902937,.069636613,.034917109,.023598397,.050696652,1.1733141,.014543028,.31411487
2005,january,2005m1,.012142411,.024670418,.26828602,.21984462,.068995193,.034766842,.02351626,.05029048,1.173559,.014249835,.31484947
2005,february,2005m2,.012101402,.024918865,.27225423,.21897742,.069960594,.034963138,.02382897,.049764659,1.1765968,.01423847,.32033345
2005,march,2005m3,.011898356,.024189183,.26733497,.22091082,.06948071,.034466516,.023563851,.049413439,1.1726387,.013952471,.31348732
2005,april,2005m4,.011793875,.024156706,.26590207,.22133286,.06844677,.034477867,.023395775,.049001977,1.1714579,.013816028,.31149307
2005,may,2005m5,.011755709,.024220956,.26427063,.22424862,.068383276,.034225706,.023247203,.048736058,1.1701791,.013756284,.30924398
2005,june,2005m6,.011979905,.024404917,.26494014,.22670493,.069006376,.034542639,.023344677,.04850094,1.1708632,.014026829,.31020865
2005,july,2005m7,.011735535,.024203002,.26917166,.22639789,.069195323,.034729045,.023405392,.048621926,1.1739281,.013776675,.31598818
2005,august,2005m8,.011616866,.024181645,.26927811,.22927283,.069309309,.034207448,.023351114,.048101846,1.1739187,.013637257,.31611061
2005,september,2005m9,.011600665,.024302907,.27236861,.23041055,.069949016,.033965874,.023144707,.047456898,1.1762969,.013645827,.32038635
2005,october,2005m10,.011563627,.024318216,.27171287,.23235333,.070125222,.034008581,.023064634,.046824496,1.1757599,.01359605,.31946909
2005,november,2005m11,.011735274,.024723228,.27550268,.23516865,.07197383,.034322601,.023477513,.046502538,1.1788402,.013834013,.32477364
2005,december,2005m12,.011709711,.024541793,.27603334,.23536538,.071596146,.03446316,.023360441,.046366673,1.1792345,.013808494,.32550803
2006,january,2006m1,.011525383,.024852522,.27936903,.23584174,.071153723,.03437594,.023490878,.046189755,1.1817031,.013619581,.33013123
2006,february,2006m2,.01150284,.025196975,.28484938,.23437443,.072405063,.034005444,.023694085,.045868821,1.1860123,.013642509,.33783486
2006,march,2006m3,.01138074,.024574859,.28283405,.23691911,.071822003,.033411752,.02316474,.045608744,1.1843195,.013478433,.33496588
2006,april,2006m4,.011388401,.024673065,.28383946,.23597991,.07163991,.033144232,.022958297,.045152295,1.1851209,.013496632,.33638409
2006,may,2006m5,.011562944,.024637494,.28331962,.23675954,.072161816,.032538995,.022714695,.044956025,1.1848477,.013700328,.33569062
2006,june,2006m6,.011914825,.024967523,.2850987,.23524536,.072524585,.032787651,.02285512,.044556487,1.1865373,.014137384,.33828023
2006,july,2006m7,.011816416,.025040956,.29094926,.23271652,.073279351,.032635879,.022726696,.044752963,1.1911315,.014074905,.34655881
2006,august,2006m8,.011640166,.025027564,.29239947,.23309304,.073315449,.03220832,.022445645,.044386555,1.1921556,.013876889,.34858567
2006,september,2006m9,.011524344,.025243834,.29351798,.23274019,.072795242,.031839866,.022118244,.043977544,1.1929634,.01374812,.35015619
2006,october,2006m10,.011454787,.025198989,.29393885,.23150195,.072613508,.031967744,.022061329,.043575607,1.1932468,.013668388,.3507416
2006,november,2006m11,.011642714,.025374493,.2933684,.2313901,.074025981,.032280482,.022339225,.043394875,1.1929382,.013889038,.34997037
2006,december,2006m12,.011609256,.024996253,.2901828,.22865479,.072521657,.031891059,.022025097,.043475971,1.1903504,.013819083,.34541923
2007,january,2007m1,.011452069,.025572576,.29135063,.22811659,.071898736,.031322598,.021765057,.043579511,1.1911613,.013641261,.3470456
2007,february,2007m2,.011506006,.025532914,.29116783,.22630915,.072140075,.031107191,.02159892,.04341824,1.1910578,.013704319,.3467977
2007,march,2007m3,.011388622,.024933243,.28489941,.22706385,.07082963,.030923659,.021080563,.043343276,1.1859614,.013506466,.33787969
2007,april,2007m4,.011416267,.02486977,.28238666,.22663854,.07014934,.03107232,.020837914,.043432612,1.1839942,.013516793,.33434415
2007,may,2007m5,.01154285,.024777191,.27911523,.22578946,.069308914,.031196915,.020536158,.043650333,1.1815175,.013638079,.32977954
2007,june,2007m6,.011768036,.025013627,.27622133,.22395524,.068852313,.031516548,.020547319,.044002693,1.179427,.013879539,.3257829
2007,july,2007m7,.011536047,.02468219,.278844,.22196139,.06873665,.031351127,.020422786,.04481047,1.1812992,.013627523,.32939819
2007,august,2007m8,.011512364,.02421811,.27520475,.22061783,.067606717,.031463072,.020305645,.045016617,1.1784339,.01356656,.3243106
2007,september,2007m9,.011516175,.024071766,.27359077,.2223805,.066671506,.031333413,.020022744,.045255169,1.1771804,.013556615,.32206571
2007,october,2007m10,.011751612,.023919359,.27437729,.22123972,.067222245,.032332104,.020068135,.045444451,1.1779757,.013843113,.32320976
2007,november,2007m11,.011984544,.023968581,.27046731,.2202065,.068127826,.032959048,.020200245,.046141721,1.1751214,.014083294,.31783193
2007,december,2007m12,.012018278,.023843234,.26709878,.21757764,.066559471,.033312041,.019743765,.047098376,1.1725492,.014092023,.31318647
2008,january,2008m1,.012237324,.024325464,.26689714,.21603078,.066277951,.033771578,.019792104,.04804134,1.1725627,.01434903,.31295365
2008,february,2008m2,.012396467,.024043584,.26410234,.21505433,.066258267,.034487143,.019612694,.04905716,1.1705406,.014510567,.3091425
2008,march,2008m3,.012650908,.023569474,.26076221,.21382016,.065470941,.03529733,.019502264,.050017525,1.1681854,.014778606,.3046186
2008,april,2008m4,.013058616,.023393331,.25444674,.21309032,.064505242,.035734423,.019017061,.051156811,1.1637123,.015196471,.29610279
2008,may,2008m5,.013572392,.023301609,.24749392,.21092232,.063811876,.03645375,.018824676,.052656319,1.1588899,.015728908,.28681821
2008,june,2008m6,.014472356,.023662543,.24139656,.20937319,.063796245,.037831701,.018718731,.05480117,1.155037,.016716108,.27882197
2008,july,2008m7,.014803474,.023192689,.23782109,.20639367,.063613124,.038925435,.018528147,.057722643,1.1526496,.017063219,.27412438
2008,august,2008m8,.015183166,.023026891,.22958955,.20392075,.062576592,.03989438,.01822786,.060438778,1.1469274,.017413989,.26332253
2008,september,2008m9,.015400954,.02313851,.22563305,.20122078,.062335931,.040787458,.01803661,.063459873,1.1442299,.017622231,.25817609
2008,october,2008m10,.015815631,.023070624,.21693066,.19720021,.062113613,.042395849,.018093636,.066186726,1.1383114,.018003112,.24693464
2008,november,2008m11,.016228676,.023113549,.20879176,.19445688,.062301032,.043842539,.01797534,.069655173,1.1328688,.01838496,.23653367
2008,december,2008m12,.016754324,.023159981,.20530017,.19230279,.061396778,.045362972,.017647084,.072900116,1.1307981,.018945757,.23215304
2009,january,2009m1,.017047713,.02326042,.20043986,.19177237,.060812514,.04642912,.017428461,.075966686,1.1276299,.019223509,.22602198
2009,february,2009m2,.017175306,.023166956,.19512439,.18986587,.060673345,.04708891,.017044542,.078869589,1.1240599,.019306073,.2193315
2009,march,2009m3,.017443677,.022673262,.18776329,.18736845,.059734404,.04781501,.016838871,.081463538,1.1192287,.019523464,.21015006
2009,april,2009m4,.017498028,.022509716,.18080001,.18544433,.05859584,.048334029,.016308829,.084242366,1.1145766,.019502891,.20151545
2009,may,2009m5,.017665364,.022579836,.17521778,.18412825,.058193546,.04907747,.01627285,.0869672,1.110967,.019625638,.19466117
2009,june,2009m6,.01797976,.022819852,.1727598,.18109477,.058379419,.050359495,.016316177,.089391403,1.1095469,.019949386,.1916851
2009,july,2009m7,.01740854,.022317357,.17238477,.17967017,.058389686,.050628766,.016278585,.091917157,1.1089215,.019304706,.19116119
2009,august,2009m8,.01710126,.022377778,.17198217,.17986532,.05819146,.051383734,.016205233,.09341915,1.108453,.018955944,.19063416
2009,september,2009m9,.016794089,.022455597,.17403533,.17960151,.058179095,.052226629,.016323932,.094481759,1.1096063,.018634826,.19311069
2009,october,2009m10,.016728165,.022479489,.17046411,.18088599,.05782431,.05265291,.016295578,.094831228,1.1072075,.018521549,.18873915
2009,november,2009m11,.016720967,.022701928,.16990998,.1817769,.058398668,.05316909,.016149994,.095337629,1.1068386,.018507412,.18806292
2009,december,2009m12,.016719703,.022907149,.17107476,.18389104,.058088526,.053261742,.016206803,.095493957,1.1076037,.018518804,.18948303
2010,january,2010m1,.016529538,.023069372,.16989684,.18484397,.057841584,.052991774,.01627117,.095667921,1.1067042,.01829331,.18802555
2010,february,2010m2,.016441708,.023333983,.17189875,.18514298,.058353029,.052647088,.01648953,.095718808,1.1079633,.018216809,.19045751
2010,march,2010m3,.016220519,.023015196,.1697941,.18622184,.057624832,.052604623,.016297009,.095385998,1.1064339,.017946932,.18786594
2010,april,2010m4,.016218172,.023020001,.1688699,.1867982,.057210945,.052667614,.016120339,.0950443,1.1058261,.017934479,.18674074
2010,may,2010m5,.016317189,.02311912,.16815971,.18873619,.057615466,.052219078,.016166866,.094939232,1.1054258,.018037442,.18588808
2010,june,2010m6,.016524265,.023450492,.16844785,.18973634,.057983749,.052803922,.016264891,.094584636,1.1057502,.018271709,.18626125
2010,july,2010m7,.015964162,.023255,.16973543,.19110635,.05784253,.05238644,.016081082,.094864368,1.1062272,.017659988,.18776594
2010,august,2010m8,.015806258,.023216255,.17072344,.19213435,.057445981,.052352145,.016140882,.094000794,1.1067721,.017493924,.18895194
2010,september,2010m9,.015676079,.02328621,.17222676,.1937816,.057289671,.051799141,.016183745,.092849098,1.1076751,.017364003,.19077128
2010,october,2010m10,.015703591,.023364753,.16916558,.19534582,.057369359,.051458821,.016002633,.091640174,1.1056827,.017363189,.18704346
2010,november,2010m11,.015816627,.023741173,.17071617,.19635527,.058443081,.051847182,.016316591,.090955034,1.1067741,.017505433,.18894424
2010,december,2010m12,.015811268,.023994107,.17112887,.19748758,.05852744,.051675227,.016397525,.091033891,1.1070417,.017503733,.18944679
2011,january,2011m1,.015506005,.023955772,.1702162,.19747238,.057973187,.051067397,.016291056,.090919554,1.1062419,.017153393,.1883003
2011,february,2011m2,.015524596,.024241159,.17228387,.19910571,.058645774,.050842814,.016500803,.090577804,1.107613,.017195243,.19082385
2011,march,2011m3,.015364845,.023668792,.17063121,.19822763,.057727478,.050422132,.016334031,.089962311,1.1064217,.016999999,.18879008
2011,april,2011m4,.015329976,.023564456,.17101882,.19995417,.057456981,.04995697,.016391922,.089605235,1.1066532,.016964966,.18925853
2011,may,2011m5,.015203618,.023641214,.17083018,.20179021,.057305422,.049318727,.016335707,.089109033,1.1064464,.016821988,.18901443
2011,june,2011m6,.015312873,.023928864,.17101203,.20233579,.05733829,.050068144,.016562499,.088251732,1.1066376,.016945802,.18924834
2011,july,2011m7,.014874075,.023524696,.17508695,.20159595,.057298522,.05012155,.016631629,.088021733,1.1090323,.016495829,.19417708
2011,august,2011m8,.01483377,.023448614,.17727137,.20243868,.056917593,.049686734,.016860189,.087127149,1.110451,.016472174,.19685116
2011,september,2011m9,.014613576,.023662809,.17824227,.20373805,.056554738,.049040165,.016745234,.086248353,1.1109489,.016234936,.19801806
2011,october,2011m10,.014451906,.023636756,.17679171,.20452659,.056603026,.049134955,.016554587,.085239612,1.1098804,.016039887,.19621767
2011,november,2011m11,.014591554,.023959607,.17866549,.20544642,.0576583,.049306549,.016948327,.084561765,1.1112152,.016214358,.19853581
2011,december,2011m12,.014533501,.023823138,.17757182,.20635229,.057113741,.048776362,.016764242,.084281258,1.1104511,.016138742,.19718482
2012,january,2012m1,.014517439,.024312766,.18073727,.20735851,.057169966,.048086215,.017026166,.083565943,1.1125441,.01615129,.20107818
2012,february,2012m2,.014418986,.024298821,.18368331,.20898801,.057848524,.047771268,.017132297,.082625501,1.1144456,.016069174,.20470504
2012,march,2012m3,.014041799,.023533776,.1825906,.20927101,.057044245,.047657836,.01690774,.081408836,1.1134629,.015635023,.20330787
2012,april,2012m4,.013938156,.02362545,.18162405,.21337485,.056614093,.04765927,.016783169,.080575064,1.112749,.015509669,.20210198
2012,may,2012m5,.014043635,.02353001,.18021476,.21475564,.056590285,.047556922,.016784783,.079722688,1.1118808,.015614848,.20037733
2012,june,2012m6,.014329309,.023664014,.17995091,.21412818,.056530159,.047920588,.01689386,.079186052,1.1118953,.01593269,.20008658
2012,july,2012m7,.013970832,.023692247,.18225244,.2146,.056668308,.047474593,.016851438,.079353184,1.1131898,.015552188,.20288156
2012,august,2012m8,.013771916,.023795385,.18143727,.21671242,.056613654,.046608403,.016934266,.078792751,1.1125137,.015321445,.20185144
2012,september,2012m9,.013599421,.023943044,.18271102,.21658976,.05678279,.046013158,.016774146,.077812068,1.113248,.015139528,.20340268
2012,october,2012m10,.013699363,.024041174,.18491992,.2158567,.057567097,.046169382,.016937513,.076994456,1.1147918,.015271937,.20614721
2012,november,2012m11,.01398383,.024437986,.18614374,.21497524,.058521714,.046191134,.017281309,.076605096,1.1158034,.015603204,.20769981
2012,december,2012m12,.013868509,.024258059,.18668002,.21501115,.057969399,.045707077,.017009245,.076528706,1.1160862,.015478452,.208351
2013,january,2013m1,.013732709,.024708388,.19022292,.21580899,.058158863,.045260612,.017170699,.075859785,1.1183822,.015358417,.21274193
2013,february,2013m2,.013478857,.024405917,.19094221,.21439821,.058197096,.044804525,.017037679,.074949026,1.1186969,.015078756,.21360646
2013,march,2013m3,.013562851,.024333028,.18822709,.21495016,.057689048,.044140279,.016988942,.074139453,1.1169213,.015148637,.21023485
2013,april,2013m4,.013375477,.024394389,.18899946,.21528488,.057032183,.043172654,.016911,.073661543,1.1173154,.014944627,.21117201
2013,may,2013m5,.013339447,.024368411,.18960357,.21487945,.057060041,.042583618,.016792586,.072888091,1.1176986,.014909481,.21191964
2013,june,2013m6,.013515662,.024937429,.19161591,.21604048,.057672765,.042434607,.01706009,.072097473,1.1191777,.015126428,.21445225
2013,july,2013m7,.013035061,.024757523,.19494608,.21551996,.057989489,.042143863,.017119166,.071699329,1.1211116,.014613759,.21855631
2013,august,2013m8,.012950651,.024496552,.19633086,.21580102,.057894908,.041920498,.01705727,.070746541,1.1219972,.014530595,.22028269
2013,september,2013m9,.012787244,.024445029,.19992733,.21732427,.057624254,.04132532,.016940689,.069847263,1.1243443,.014377266,.22478716
2013,october,2013m10,.012879371,.024591628,.20234445,.21922351,.058159556,.0415002,.017059274,.068547793,1.1260684,.014503052,.22785369
2013,november,2013m11,.012856473,.024582366,.20352076,.22227575,.059054498,.041122824,.017218452,.067685753,1.1268632,.014487487,.22934006
2013,december,2013m12,.012750701,.024459898,.2039302,.22570668,.058222253,.040519264,.01721481,.066878997,1.1270727,.014370967,.22984415
2014,january,2014m1,.012723393,.024834881,.2089161,.22673613,.058444887,.039818831,.01751267,.065858141,1.1305091,.014383912,.23618156
2014,february,2014m2,.012487965,.024691286,.21166348,.22566216,.058405537,.039137855,.017645635,.065000944,1.132261,.014139635,.23965831
2014,march,2014m3,.012368978,.024351435,.21502468,.22698793,.058524624,.038706891,.017736813,.063839562,1.134533,.014033014,.2439526
2014,april,2014m4,.012199826,.024222163,.21765238,.22829744,.058032684,.038360424,.017705355,.062742643,1.1362642,.013862225,.24731061
2014,may,2014m5,.012317574,.02452047,.21842758,.23072341,.058314491,.037816714,.017628703,.06170148,1.1368948,.014003785,.24832919
2014,june,2014m6,.01254891,.024948357,.21939051,.23140566,.059515882,.037837405,.01795459,.06082328,1.1377397,.014277392,.24960929
2014,july,2014m7,.012143731,.024682185,.2209985,.23135626,.05991241,.037548352,.017768083,.060673099,1.1385922,.013826758,.25162718
2014,august,2014m8,.012007337,.024834013,.22232507,.23489371,.060464256,.037105933,.017965591,.05963777,1.1394376,.013681611,.25332552
2014,september,2014m9,.011940383,.025071178,.22806761,.2361991,.06080994,.036395911,.018108632,.058372185,1.1434926,.013653739,.26079363
2014,october,2014m10,.011991042,.025333362,.22794193,.23512058,.061705049,.036710534,.018209834,.056950644,1.1434387,.013711021,.26063761
2014,november,2014m11,.011963835,.025751244,.22868659,.23634785,.062592879,.036456779,.017976502,.056536771,1.143954,.013686078,.26160693
2014,december,2014m12,.012022462,.026243545,.22977437,.23806907,.062776923,.036346551,.018171486,.055984132,1.1447788,.01376306,.26304084
2015,january,2015m1,.011830712,.026723241,.23411536,.23814382,.063662015,.035730373,.018105386,.055596583,1.1477776,.013579026,.26871237
2015,february,2015m2,.011585628,.026757978,.23611303,.23871638,.063904837,.035258453,.018120131,.054726873,1.1490507,.013312474,.27130583
2015,march,2015m3,.011594944,.026497489,.2358561,.24072078,.064203307,.034886416,.01811064,.053599462,1.1488706,.01332109,.27096814
2015,april,2015m4,.011630313,.026503963,.2331066,.24113788,.063603461,.03453536,.017984772,.052966431,1.1469015,.013338823,.26735032
2015,may,2015m5,.011631767,.026672438,.23440818,.24101913,.064212248,.034039602,.017948607,.052489508,1.1478457,.013351475,.26906443
2015,june,2015m6,.011770456,.027140655,.23452769,.24063198,.065226592,.034207635,.018204946,.051942769,1.148033,.013512872,.26924554
2015,july,2015m7,.011382977,.026820652,.23484503,.24086058,.065357372,.033894971,.018138323,.051815718,1.1479821,.013067455,.26959789
2015,august,2015m8,.011276122,.026606446,.23642962,.23924185,.065116063,.033654474,.018141523,.051036365,1.1490558,.012956894,.27167082
2015,september,2015m9,.01123771,.026737135,.23953249,.23907951,.06476476,.033096004,.017996127,.050593577,1.1512913,.012937877,.27577165
2015,october,2015m10,.011096542,.026591156,.23688488,.23969372,.064638995,.032799229,.017778998,.049861677,1.1492565,.012752772,.27224147
2015,november,2015m11,.011345384,.026853472,.23943941,.24036965,.065367289,.032552347,.018097345,.049386788,1.1513019,.013061961,.27566704
2015,december,2015m12,.011312008,.026668521,.23898043,.23910674,.065034226,.032058876,.018535197,.049084038,1.150942,.013019465,.27505261
2016,january,2016m1,.011175037,.02656132,.23888019,.236955,.064372428,.031493809,.018288083,.048903845,1.1507686,.012859883,.27489582
2016,february,2016m2,.011141993,.026694553,.2444585,.23360254,.064372092,.03143838,.018717645,.048343115,1.154839,.012867209,.28231022
2016,march,2016m3,.011025552,.026126627,.24301411,.23383237,.063651361,.031353571,.018557904,.048059497,1.1536894,.012720062,.28036281
2016,april,2016m4,.011019131,.02602322,.24165998,.23610686,.063280173,.030988928,.018259542,.047961395,1.1526897,.012701639,.27855897
2016,may,2016m5,.011038172,.026171308,.24103528,.2386218,.063563541,.030919742,.018165335,.047649469,1.1522455,.012718684,.27773184
2016,june,2016m6,.01124633,.026473885,.24104922,.23479216,.063915953,.031119253,.018176071,.047386199,1.1524084,.012960365,.27778712
2016,july,2016m7,.011155624,.025938066,.24666461,.23111826,.064099967,.030903758,.018150637,.047594715,1.1564794,.012901248,.28526253
2016,august,2016m8,.011142044,.025849985,.25022876,.23057409,.063848376,.030356405,.018308764,.047273695,1.1591166,.012914929,.29004431
2016,september,2016m9,.010977576,.025921639,.2533907,.2319319,.063472517,.029917549,.018210985,.046687271,1.1613559,.012748872,.29427677
2016,october,2016m10,.010862553,.025858914,.25429669,.22928204,.063620493,.029773496,.018290643,.045849465,1.1619488,.01262173,.29547974
2016,november,2016m11,.011120415,.026308648,.25670695,.22966965,.065408848,.029702248,.018623024,.045469936,1.1639549,.012943662,.29879531
2016,december,2016m12,.010937093,.026260799,.25864935,.22913398,.065381639,.029570621,.018359976,.045463875,1.1652826,.012744804,.30139959
2017,january,2017m1,.010917882,.026527392,.26108381,.22964983,.065308928,.029486623,.01822043,.045290075,1.1671125,.012742396,.30471417
2017,february,2017m2,.010872059,.02672011,.2683492,.22916508,.066623323,.029381709,.018624684,.044787217,1.1726295,.012748896,.31467417
2017,march,2017m3,.010664048,.026283642,.26546496,.23244302,.066373564,.029069223,.018170029,.044152331,1.1702577,.012479683,.31066242
2017,april,2017m4,.010674976,.026535021,.26381925,.23247212,.066658393,.028443471,.018029479,.043389771,1.1690091,.012479144,.3084071
2017,may,2017m5,.010673301,.026586775,.26399651,.23185237,.066458724,.028314861,.017848477,.042715337,1.1691431,.012478616,.30864969
2017,june,2017m6,.010763042,.026802393,.26548102,.23056081,.06690982,.028191177,.017903136,.042290267,1.1703457,.01259648,.31070456
2017,july,2017m7,.010442529,.026384644,.27015638,.23273939,.067047782,.028002487,.018015986,.042231444,1.1736903,.012256295,.31707993
2017,august,2017m8,.010244524,.026393471,.26916826,.23666477,.066476353,.027657203,.017926902,.041594677,1.1727768,.012014541,.3156743
2017,september,2017m9,.010129039,.026659973,.27270105,.23771086,.066008128,.027454859,.01758004,.041077595,1.1754142,.011905816,.3205367
2017,october,2017m10,.010016305,.026666768,.27260837,.23801762,.066254653,.027283715,.017543372,.04050529,1.1752552,.011771714,.32038441
2017,november,2017m11,.010209849,.026951043,.27254772,.23964009,.067998186,.027640749,.017676521,.040113986,1.1753581,.012000228,.32034117
2017,december,2017m12,.0099840537,.026844772,.27219293,.23849852,.06766516,.027310632,.01756631,.039998431,1.1749089,.011730353,.3198019
2018,january,2018m1,.0099317236,.027455352,.27641383,.24010465,.068097271,.026750444,.017722527,.039830212,1.1781443,.011701004,.3256554
2018,february,2018m2,.009690349,.027429264,.27980685,.24174774,.068636991,.02645826,.017737612,.039280921,1.1806068,.011440492,.33034188
2018,march,2018m3,.0094978632,.026917683,.27546346,.24264511,.067471221,.026182918,.017190063,.038665384,1.1770673,.011179624,.32423902
2018,april,2018m4,.0094878841,.02680793,.27308008,.24409562,.067271769,.025686286,.017057734,.038252398,1.1752113,.011150269,.32092679
2018,may,2018m5,.0094794817,.026827794,.27355036,.24483502,.067641616,.025878688,.017011736,.038040407,1.1755688,.011143783,.32157728
2018,june,2018m6,.0096559133,.02712463,.27385673,.2427007,.068062402,.026262045,.01723925,.038059745,1.1759429,.011354803,.32203987
2018,july,2018m7,.0094634835,.026949473,.27802372,.24242511,.068644233,.026481325,.017379111,.038406007,1.1790347,.011157775,.32779962
2018,august,2018m8,.0093793981,.027028197,.27580547,.24265413,.06841372,.026497152,.017401703,.038108326,1.1772411,.011041813,.32468954
2018,september,2018m9,.0091030328,.027110174,.27616879,.24122715,.068251461,.02625018,.017166648,.03780384,1.1773087,.010717079,.32513592
2018,october,2018m10,.0090957126,.027206145,.27603465,.24234003,.069042198,.026417837,.017405931,.03705414,1.1771986,.01070746,.32494763
2018,november,2018m11,.0093506584,.027470987,.27681923,.24237883,.070542529,.026633594,.017489828,.03680262,1.1780075,.011015145,.32609513
2018,december,2018m12,.0092308726,.027480241,.27589375,.24146493,.069930263,.026461272,.01751644,.036996983,1.1771942,.01086653,.32478052
2019,january,2019m1,.0091925077,.027931755,.27948672,.24083187,.069836855,.026791696,.017628761,.03705712,1.1799664,.01084685,.32978496
2019,february,2019m2,.0089275958,.027396193,.27735874,.23996323,.069910891,.02700955,.017482074,.036817268,1.1780982,.010517584,.32675582
2019,march,2019m3,.0088712852,.026882449,.27323362,.23960723,.069679528,.026966954,.017458797,.036374167,1.1748531,.010422457,.32100937
2019,april,2019m4,.0089099631,.026956929,.27142882,.24023971,.069599234,.026550749,.017471997,.036148723,1.1734898,.010455751,.31851897
2019,may,2019m5,.0089949137,.027007636,.27293649,.23957001,.069711059,.026549574,.017479684,.03594359,1.174719,.010566495,.32062367
2019,june,2019m6,.0092551159,.02713431,.27451536,.23884141,.070073441,.026747765,.017677171,.035892438,1.1761428,.010885338,.32286927
2019,july,2019m7,.0089524649,.026964778,.27711546,.2397396,.070528418,.026481425,.017681217,.035779633,1.1779281,.01054536,.3264221
2019,august,2019m8,.0088638896,.027007686,.27627048,.23941618,.070124164,.026115283,.017559646,.035131972,1.1772017,.010434587,.3252261
2019,september,2019m9,.0088390931,.027300123,.27761608,.24105908,.070815772,.025918359,.017453915,.034663934,1.1782298,.010414483,.32709554
2019,october,2019m10,.0091607347,.027550714,.27799147,.24178354,.072018132,.026318137,.017849475,.034298189,1.1787733,.010798429,.32768893
2019,november,2019m11,.0093152365,.027560351,.27747089,.23866439,.072453834,.026336018,.01785288,.034701221,1.1784878,.010977892,.32699606
2019,december,2019m12,.0091796583,.027637674,.2778866,.23793319,.071456075,.026238441,.018034011,.034970161,1.1787063,.010820121,.32754669
2020,january,2020m1,.0081360424,.024176359,.26544479,.24517488,.070125625,.024094842,.016802579,.034884233,1.168313,.0095054442,.31012261
2020,february,2020m2,.015969761,.032563344,.24778932,.23559809,.060317103,.023981448,.017745828,.03267318,1.1608999,.018539293,.2876586
2020,march,2020m3,.11288148,.056337427,.19768162,.3309826,.051349144,.037088972,.015184943,.039936442,1.1974381,.13516858,.2367115
2020,april,2020m4,.037857376,.028500753,.31273362,.14837225,.073821835,.064322181,.013266502,.14357775,1.2313281,.046614852,.38507771
2020,may,2020m5,.024723632,.020989185,.32586056,.14217563,.054618794,.053287286,.012744715,.12531048,1.2313222,.030442756,.40123934
2020,june,2020m6,.023225689,.026070226,.28523633,.16740432,.071788982,.053715885,.014258147,.10695232,1.1957297,.027771648,.34106556
2020,july,2020m7,.012634954,.024090914,.26655576,.16804214,.070579827,.045871101,.016330011,.097474828,1.172606,.014815823,.31256488
2020,august,2020m8,.014786204,.02326183,.22797191,.20729551,.05905053,.039356306,.014500481,.084217831,1.1454717,.016937178,.26113537
2020,september,2020m9,.014240955,.025399862,.26128525,.20371063,.066845939,.040874287,.018703638,.075720571,1.1697968,.016659023,.30565065
2020,october,2020m10,.011024458,.028435316,.23814704,.17637663,.064332671,.038064189,.018845545,.065058023,1.1501236,.012679489,.27389851
2020,november,2020m11,.014928164,.031088378,.23687208,.21718316,.074305266,.042840391,.017736355,.06253963,1.1520452,.01719792,.27288735
2020,december,2020m12,.011545253,.025272617,.23845029,.19471201,.06284599,.032679174,.016339995,.062281575,1.150725,.013285412,.2743907
2021,january,2021m1,.011435239,.024669217,.23643018,.20278184,.066307507,.037346035,.017473394,.060597453,1.1491721,.013141057,.27169895
2021,february,2021m2,.010406176,.026542932,.22359833,.22238234,.06185637,.034906205,.018989092,.055319328,1.1392045,.011854762,.25472423
2021,march,2021m3,.012976285,.026477024,.2350363,.19762829,.066326208,.036610436,.01949556,.055349216,1.1492791,.014913374,.27012232
2021,april,2021m4,.010247836,.026935175,.21453999,.23557299,.062097706,.035315778,.015373727,.0599587,1.1327059,.011607785,.24301071
2021,may,2021m5,.010875325,.024679817,.20214844,.19774698,.053790506,.034844682,.015620228,.05672374,1.1245563,.012229915,.2273273
2021,june,2021m6,.012725231,.028202526,.25010055,.2403207,.073276103,.034366552,.020027861,.058773261,1.1602021,.01476384,.29016721
2021,july,2021m7,.010310451,.027434818,.24383365,.2194076,.068640999,.033837579,.016671779,.055305928,1.1537662,.011895849,.28132701
2021,august,2021m8,.0094918469,.0236328,.24587174,.23485133,.068787746,.028989544,.020575954,.052128635,1.1546643,.010959896,.28389931
2021,september,2021m9,.0078138998,.028463162,.25252178,.2171953,.070583142,.029995073,.016900226,.04656389,1.1583461,.0090512,.29250762
2021,october,2021m10,.0091221808,.026195364,.28000891,.24455997,.074161589,.026355604,.018766072,.04429061,1.1803201,.010767094,.33050016
2021,november,2021m11,.0077742287,.028348794,.29844713,.24851152,.079974845,.034033597,.019383015,.039545894,1.1939151,.0092817694,.35632056
